{
  "all_time": 0.06966575378408799,
  "strategy": 0.07269472428239308,
  "last_run": 0.0741513858620937,
  "current_run": 0.06680008124273557
}