{
  "all_time": 0.05503931917393437,
  "strategy": 0.22152030888276222,
  "last_run": 0.11671621218705788,
  "current_run": 0.2601537051825569
}