{
  "all_time": 0.05503931917393437,
  "strategy": 0.22588108541287977,
  "last_run": Infinity,
  "current_run": 0.22200409523045592
}