{
  "all_time": 0.05503931917393437,
  "strategy": 9.166231350256847,
  "last_run": 89.89596563291092,
  "current_run": 8.070404001439993
}