{
  "all_time": 0.05503931917393437,
  "strategy": 0.054156894580676004,
  "last_run": 0.06680008124273557,
  "current_run": 0.05021341753980288
}