{
  "all_time": 0.05503931917393437,
  "strategy": 0.13025296966616923,
  "last_run": Infinity,
  "current_run": 0.11920229689433025
}