{
  "all_time": 0.06966575378408799,
  "strategy": 0.06966575378408799,
  "last_run": 0.06966575378408799,
  "current_run": 999999999
}
